id,date,delinq_cc,delinq_mortgage,delinq_consumer,fed_funds_rate,prime_rate,mortgage_30y,treasury_10y,treasury_2y,unemployment_rate,gdp_growth,cpi,housing_starts,personal_income,consumer_sentiment,net_interest_margin,yield_curve,unemployment_lag1,unemployment_lag3,unemployment_lag6,fed_funds_lag1,fed_funds_lag3,fed_funds_lag6,gdp_growth_lag1,gdp_growth_lag3,gdp_growth_lag6,fed_funds_change,unemployment_change,created_at
1,2000-07-01,4.53,2.09,3.56,6.5445,9.5,8.1475,6.054,6.339,4.0,,172.7,1463.0,,108.3,3.94,-0.285,4.0,3.8,4.0,6.5283,6.0197,5.4484,,,,0.0162,0.0,2026-02-12 12:56:18.187550
2,2000-08-01,4.53,2.09,3.56,6.4968,9.5,8.0275,5.8261,6.2287,4.1,,172.7,1541.0,,107.3,3.94,-0.4026,4.0,4.0,4.1,6.5445,6.2681,5.7348,,,,-0.0477,0.1,2026-02-12 12:56:18.187550
3,2000-09-01,4.53,2.09,3.56,6.517,9.5,7.912,5.799,6.0815,3.9,,173.6,1507.0,,106.8,3.94,-0.2825,4.1,4.0,4.0,6.4968,6.5283,5.8535,,,,0.0202,-0.2,2026-02-12 12:56:18.187550
4,2000-10-01,4.57,2.23,3.63,6.5094,9.5,7.795,5.7386,5.9124,3.9,0.597,173.9,1549.0,,105.8,3.93,-0.1738,3.9,4.0,3.8,6.517,6.5445,6.0197,,,,-0.0076,0.0,2026-02-12 12:56:18.187550
5,2000-11-01,4.57,2.23,3.63,6.5143,9.5,7.745,5.7171,5.8752,3.9,0.597,174.2,1551.0,,107.6,3.93,-0.1581,3.9,4.1,4.0,6.5094,6.4968,6.2681,,,,0.005,0.0,2026-02-12 12:56:18.187550
6,2000-12-01,4.57,2.23,3.63,6.4023,9.5,7.382,5.2405,5.352,3.9,0.597,174.6,1532.0,,98.4,3.93,-0.1115,3.9,3.9,4.0,6.5143,6.517,6.5283,,,,-0.1121,0.0,2026-02-12 12:56:18.187550
7,2001-01-01,4.81,2.34,3.63,5.9758,9.0476,7.0325,5.161,4.76,4.2,-0.3278,175.6,1600.0,,94.7,3.76,0.401,3.9,3.9,4.0,6.4023,6.5094,6.5445,,,,-0.4265,0.3,2026-02-12 12:56:18.187550
8,2001-02-01,4.81,2.34,3.63,5.4943,8.5,7.05,5.0989,4.6568,4.2,-0.3278,176.0,1625.0,,90.6,3.76,0.4421,4.2,3.9,4.1,5.9758,6.5143,6.4968,,,,-0.4815,0.0,2026-02-12 12:56:18.187550
9,2001-03-01,4.81,2.34,3.63,5.311,8.3182,6.952,4.8855,4.3423,4.3,-0.3278,176.1,1590.0,,91.5,3.76,0.5432,4.2,3.9,3.9,5.4943,6.4023,6.517,,,,-0.1833,0.1,2026-02-12 12:56:18.187550
10,2001-04-01,4.94,2.41,3.68,4.802,7.8095,7.0775,5.141,4.234,4.4,0.6245,176.4,1649.0,,88.4,3.78,0.907,4.3,4.2,3.9,5.311,5.9758,6.5094,,,,-0.509,0.1,2026-02-12 12:56:18.187550
11,2001-05-01,4.94,2.41,3.68,4.2123,7.25,7.145,5.3914,4.26,4.3,0.6245,177.3,1605.0,,92.0,3.78,1.1314,4.4,4.2,3.9,4.802,5.4943,6.5143,,,,-0.5897,-0.1,2026-02-12 12:56:18.187550
12,2001-06-01,4.94,2.41,3.68,3.9697,6.9762,7.16,5.2843,4.08,4.5,0.6245,177.7,1636.0,,92.6,3.78,1.2043,4.3,4.3,3.9,4.2123,5.311,6.4023,,,,-0.2426,0.2,2026-02-12 12:56:18.187550
13,2001-07-01,5.0,2.19,3.72,3.769,6.75,7.1275,5.2362,4.0386,4.6,-0.4006,177.4,1670.0,,92.4,3.82,1.1976,4.5,4.4,4.2,3.9697,4.802,5.9758,,,,-0.2006,0.1,2026-02-12 12:56:18.187550
14,2001-08-01,5.0,2.19,3.72,3.6526,6.663,6.95,4.9713,3.7574,4.9,-0.4006,177.4,1567.0,,91.5,3.82,1.2139,4.6,4.3,4.2,3.769,4.2123,5.4943,,,,-0.1165,0.3,2026-02-12 12:56:18.187550
15,2001-09-01,5.0,2.19,3.72,3.069,6.2632,6.8175,4.7318,3.1188,5.0,-0.4006,178.1,1562.0,,81.8,3.82,1.6129,4.9,4.5,4.3,3.6526,3.9697,5.311,,,,-0.5836,0.1,2026-02-12 12:56:18.187550
16,2001-10-01,4.69,2.26,3.64,2.4852,5.5455,6.6175,4.5668,2.7259,5.3,0.2748,177.6,1540.0,,82.7,4.02,1.8409,5.0,4.6,4.4,3.069,3.769,4.802,,,,-0.5838,0.3,2026-02-12 12:56:18.187550
17,2001-11-01,4.69,2.26,3.64,2.087,5.1,6.658,4.6515,2.7825,5.5,0.2748,177.5,1602.0,,83.9,4.02,1.869,5.3,4.9,4.3,2.4852,3.6526,4.2123,,,,-0.3982,0.2,2026-02-12 12:56:18.187550
18,2001-12-01,4.69,2.26,3.64,1.8177,4.8421,7.065,5.0875,3.107,5.7,0.2748,177.4,1568.0,,88.8,4.02,1.9805,5.5,5.0,4.5,2.087,3.069,3.9697,,,,-0.2693,0.2,2026-02-12 12:56:18.187550
19,2002-01-01,4.94,2.24,3.6,1.7297,4.75,6.9975,5.0357,3.0281,5.7,0.8364,177.7,1698.0,,93.0,4.08,2.0076,5.7,5.3,4.6,1.8177,2.4852,3.769,,,,-0.0881,0.0,2026-02-12 12:56:18.187550
20,2002-02-01,4.94,2.24,3.6,1.7396,4.75,6.8925,4.9116,3.0153,5.7,0.8364,178.0,1829.0,,90.7,4.08,1.8963,5.7,5.5,4.9,1.7297,2.087,3.6526,,,,0.01,0.0,2026-02-12 12:56:18.187550
21,2002-03-01,4.94,2.24,3.6,1.73,4.75,7.014,5.284,3.5575,5.7,0.8364,178.5,1642.0,,95.7,4.08,1.7265,5.7,5.7,5.0,1.7396,1.8177,3.069,,,,-0.0096,0.0,2026-02-12 12:56:18.187550
22,2002-04-01,4.78,2.16,3.51,1.753,4.75,6.985,5.2109,3.4227,5.9,0.6127,179.3,1592.0,,93.0,4.1,1.7882,5.7,5.7,5.3,1.73,1.7297,2.4852,,,,0.023,0.2,2026-02-12 12:56:18.187550
23,2002-05-01,4.78,2.16,3.51,1.7513,4.75,6.806,5.1645,3.2641,5.8,0.6127,179.5,1764.0,,96.9,4.1,1.9005,5.9,5.7,5.5,1.753,1.7396,2.087,,,,-0.0017,-0.1,2026-02-12 12:56:18.187550
24,2002-06-01,4.78,2.16,3.51,1.7503,4.75,6.65,4.9265,2.993,5.8,0.6127,179.6,1717.0,,92.4,4.1,1.9335,5.8,5.7,5.7,1.7513,1.73,1.8177,,,,-0.001,0.0,2026-02-12 12:56:18.187550
25,2002-07-01,4.89,2.1,3.49,1.729,4.75,6.485,4.6532,2.5568,5.8,0.4065,180.0,1655.0,,88.1,4.06,2.0964,5.8,5.9,5.7,1.7503,1.753,1.7297,,,,-0.0213,0.0,2026-02-12 12:56:18.187550
26,2002-08-01,4.89,2.1,3.49,1.7432,4.75,6.29,4.2573,2.1336,5.7,0.4065,180.5,1633.0,,87.6,4.06,2.1236,5.8,5.8,5.7,1.729,1.7513,1.7396,,,,0.0142,-0.1,2026-02-12 12:56:18.187550
27,2002-09-01,4.89,2.1,3.49,1.7507,4.75,6.0925,3.87,2.0045,5.7,0.4065,180.8,1804.0,,86.1,4.06,1.8655,5.7,5.8,5.7,1.7432,1.7503,1.73,,,,0.0074,0.0,2026-02-12 12:56:18.187550
28,2002-10-01,4.84,2.0,3.45,1.7548,4.75,6.1125,3.9409,1.9118,5.7,0.1236,181.2,1648.0,,80.6,4.04,2.0291,5.7,5.8,5.9,1.7507,1.729,1.753,,,,0.0042,0.0,2026-02-12 12:56:18.187550
29,2002-11-01,4.84,2.0,3.45,1.336,4.35,6.068,4.0484,1.9232,5.9,0.1236,181.5,1753.0,,84.2,4.04,2.1253,5.7,5.7,5.8,1.7548,1.7432,1.7513,,,,-0.4188,0.2,2026-02-12 12:56:18.187550
30,2002-12-01,4.84,2.0,3.45,1.2384,4.25,6.0475,4.0324,1.8362,6.0,0.1236,181.8,1788.0,,86.7,4.04,2.1962,5.9,5.7,5.8,1.336,1.7507,1.7503,,,,-0.0976,0.1,2026-02-12 12:56:18.187550
31,2003-01-01,4.68,1.97,3.42,1.2352,4.25,5.916,4.0486,1.7433,5.8,0.5266,182.6,1853.0,,82.4,3.77,2.3052,6.0,5.7,5.8,1.2384,1.7548,1.729,,,,-0.0032,-0.2,2026-02-12 12:56:18.187550
32,2003-02-01,4.68,1.97,3.42,1.2621,4.25,5.8425,3.9026,1.6279,5.9,0.5266,183.6,1629.0,,79.9,3.77,2.2747,5.8,5.9,5.7,1.2352,1.336,1.7432,,,,0.027,0.1,2026-02-12 12:56:18.187550
33,2003-03-01,4.68,1.97,3.42,1.2529,4.25,5.745,3.8071,1.5738,5.9,0.5266,183.9,1726.0,,77.6,3.77,2.2333,5.9,6.0,5.7,1.2621,1.2384,1.7507,,,,-0.0092,0.0,2026-02-12 12:56:18.187550
34,2003-04-01,4.53,1.83,3.31,1.258,4.25,5.8125,3.9586,1.6224,6.0,0.8856,183.2,1643.0,,86.0,3.75,2.3362,5.9,5.8,5.7,1.2529,1.2352,1.7548,,,,0.0051,0.1,2026-02-12 12:56:18.187550
35,2003-05-01,4.53,1.83,3.31,1.259,4.25,5.484,3.569,1.4152,6.1,0.8856,182.9,1751.0,,92.1,3.75,2.1538,6.0,5.9,5.9,1.258,1.2621,1.336,,,,0.001,0.1,2026-02-12 12:56:18.187550
36,2003-06-01,4.53,1.83,3.31,1.2227,4.2262,5.23,3.3343,1.2271,6.3,0.8856,183.1,1867.0,,89.7,3.75,2.1071,6.1,5.9,6.0,1.259,1.2529,1.2384,,,,-0.0364,0.2,2026-02-12 12:56:18.187550
37,2003-07-01,4.24,1.73,3.1,1.0113,4.0,5.6325,3.9755,1.4741,6.2,1.6632,183.7,1897.0,,90.9,3.71,2.5014,6.3,6.0,5.8,1.2227,1.258,1.2352,,,,-0.2114,-0.1,2026-02-12 12:56:18.187550
38,2003-08-01,4.24,1.73,3.1,1.029,4.0,6.264,4.4452,1.8643,6.1,1.6632,184.5,1833.0,,89.3,3.71,2.581,6.2,6.1,5.9,1.0113,1.259,1.2621,,,,0.0177,-0.1,2026-02-12 12:56:18.187550
39,2003-09-01,4.24,1.73,3.1,1.01,4.0,6.1475,4.2743,1.7062,6.1,1.6632,185.1,1939.0,,87.7,3.71,2.5681,6.1,6.3,5.9,1.029,1.2227,1.2529,,,,-0.019,0.0,2026-02-12 12:56:18.187550
40,2003-10-01,4.43,1.76,3.28,1.01,4.0,5.952,4.2905,1.7477,6.0,1.1607,184.9,1967.0,,89.6,3.75,2.5427,6.1,6.2,6.0,1.01,1.0113,1.258,,,,0.0,-0.1,2026-02-12 12:56:18.187550
41,2003-11-01,4.43,1.76,3.28,0.996,4.0,5.9325,4.3,1.9267,5.8,1.1607,185.0,2083.0,,93.7,3.75,2.3733,6.0,6.1,6.1,1.01,1.029,1.259,,,,-0.014,-0.2,2026-02-12 12:56:18.187550
42,2003-12-01,4.43,1.76,3.28,0.9842,4.0,5.876,4.2677,1.9073,5.7,1.1607,185.5,2057.0,,92.6,3.75,2.3605,5.8,6.1,6.3,0.996,1.01,1.2227,,,,-0.0118,-0.1,2026-02-12 12:56:18.187550
43,2004-01-01,4.21,1.65,3.13,0.9971,4.0,5.7125,4.1505,1.761,5.7,0.5667,186.3,1911.0,,103.8,3.7,2.3895,5.7,6.0,6.2,0.9842,1.01,1.0113,,,,0.0129,0.0,2026-02-12 12:56:18.187550
44,2004-02-01,4.21,1.65,3.13,1.0072,4.0,5.635,4.0842,1.74,5.6,0.5667,186.7,1846.0,,94.4,3.7,2.3442,5.7,5.8,6.1,0.9971,0.996,1.029,,,,0.0101,-0.1,2026-02-12 12:56:18.187550
45,2004-03-01,4.21,1.65,3.13,1.0016,4.0,5.445,3.8265,1.5778,5.8,0.5667,187.1,1998.0,,95.8,3.7,2.2487,5.6,5.7,6.1,1.0072,0.9842,1.01,,,,-0.0056,0.2,2026-02-12 12:56:18.187550
46,2004-04-01,4.15,1.6,3.1,1.004,4.0,5.83,4.3476,2.071,5.6,0.775,187.4,2003.0,,94.2,3.6,2.2767,5.8,5.7,6.0,1.0016,0.9971,1.01,,,,0.0024,-0.2,2026-02-12 12:56:18.187550
47,2004-05-01,4.15,1.6,3.1,1.0045,4.0,6.27,4.7155,2.5335,5.6,0.775,188.2,1981.0,,90.2,3.6,2.182,5.6,5.6,5.8,1.004,1.0072,0.996,,,,0.0005,0.0,2026-02-12 12:56:18.187550
48,2004-06-01,4.15,1.6,3.1,1.0257,4.0114,6.2875,4.7338,2.7633,5.6,0.775,188.9,1828.0,,95.6,3.6,1.9705,5.6,5.8,5.7,1.0045,1.0016,0.9842,,,,0.0212,0.0,2026-02-12 12:56:18.187550
49,2004-07-01,4.07,1.56,3.05,1.2635,4.25,6.056,4.4981,2.6386,5.5,0.9486,189.1,2002.0,,96.7,3.5,1.8595,5.6,5.6,5.7,1.0257,1.004,0.9971,,,,0.2379,-0.1,2026-02-12 12:56:18.187550
50,2004-08-01,4.07,1.56,3.05,1.4294,4.4318,5.8675,4.2814,2.5082,5.4,0.9486,189.2,2024.0,,95.9,3.5,1.7732,5.5,5.6,5.6,1.2635,1.0045,1.0072,,,,0.1658,-0.1,2026-02-12 12:56:18.187550
51,2004-09-01,4.07,1.56,3.05,1.605,4.5952,5.754,4.1257,2.5252,5.4,0.9486,189.8,1905.0,,94.2,3.5,1.6005,5.4,5.6,5.8,1.4294,1.0257,1.0016,,,,0.1756,0.0,2026-02-12 12:56:18.187550
52,2004-10-01,4.03,1.41,3.03,1.761,4.75,5.7225,4.097,2.5845,5.5,1.0202,190.8,2072.0,,91.7,3.67,1.5125,5.4,5.5,5.6,1.605,1.2635,1.004,,,,0.156,0.1,2026-02-12 12:56:18.187550
53,2004-11-01,4.03,1.41,3.03,1.932,4.9167,5.73,4.194,2.852,5.4,1.0202,191.7,1782.0,,92.8,3.67,1.342,5.5,5.4,5.6,1.761,1.4294,1.0045,,,,0.171,-0.1,2026-02-12 12:56:18.187550
54,2004-12-01,4.03,1.41,3.03,2.1561,5.1477,5.752,4.2309,3.0118,5.4,1.0202,191.7,2042.0,,97.1,3.67,1.2191,5.4,5.4,5.6,1.932,1.605,1.0257,,,,0.2241,0.0,2026-02-12 12:56:18.187550
55,2005-01-01,3.7,1.42,2.91,2.2794,5.25,5.71,4.2215,3.2225,5.3,1.1094,191.6,2144.0,,95.5,3.54,0.999,5.4,5.5,5.5,2.1561,1.761,1.2635,,,,0.1232,-0.1,2026-02-12 12:56:18.187550
56,2005-02-01,3.7,1.42,2.91,2.5018,5.4868,5.6275,4.1653,3.3847,5.4,1.1094,192.4,2207.0,,94.1,3.54,0.7805,5.3,5.4,5.4,2.2794,1.932,1.4294,,,,0.2224,0.1,2026-02-12 12:56:18.187550
57,2005-03-01,3.7,1.42,2.91,2.629,5.587,5.928,4.4977,3.7268,5.2,1.1094,193.1,1864.0,,92.6,3.54,0.7709,5.4,5.4,5.4,2.5018,2.1561,1.605,,,,0.1272,-0.2,2026-02-12 12:56:18.187550
58,2005-04-01,3.67,1.55,2.85,2.785,5.75,5.855,4.341,3.6538,5.2,0.4926,193.7,2061.0,,87.7,3.59,0.6871,5.2,5.3,5.5,2.629,2.2794,1.761,,,,0.156,0.0,2026-02-12 12:56:18.187550
59,2005-05-01,3.67,1.55,2.85,3.0026,5.9881,5.72,4.1443,3.6438,5.1,0.4926,193.6,2025.0,,86.9,3.59,0.5005,5.2,5.4,5.4,2.785,2.5018,1.932,,,,0.2176,-0.1,2026-02-12 12:56:18.187550
60,2005-06-01,3.67,1.55,2.85,3.0357,6.0114,5.582,3.9982,3.6405,5.0,0.4926,193.7,2068.0,,96.0,3.59,0.3577,5.1,5.2,5.4,3.0026,2.629,2.1561,,,,0.0331,-0.1,2026-02-12 12:56:18.187550
61,2005-07-01,3.9,1.59,2.8,3.2626,6.25,5.695,4.1775,3.871,5.0,0.7838,194.9,2054.0,,96.5,3.57,0.3065,5.0,5.2,5.3,3.0357,2.785,2.2794,,,,0.2269,0.0,2026-02-12 12:56:18.187550
62,2005-08-01,3.9,1.59,2.8,3.4997,6.4348,5.82,4.2626,4.0443,4.9,0.7838,196.1,2095.0,,89.1,3.57,0.2183,5.0,5.1,5.4,3.2626,3.0026,2.5018,,,,0.2371,-0.1,2026-02-12 12:56:18.187550
63,2005-09-01,3.9,1.59,2.8,3.623,6.6071,5.774,4.199,3.9462,5.0,0.7838,198.8,2151.0,,76.9,3.57,0.2529,4.9,5.0,5.2,3.4997,3.0357,2.629,,,,0.1233,0.1,2026-02-12 12:56:18.187550
64,2005-10-01,3.54,1.64,2.69,3.7794,6.75,6.065,4.4635,4.271,5.0,0.5555,199.1,2065.0,,74.2,3.54,0.1925,5.0,5.0,5.2,3.623,3.2626,2.785,,,,0.1564,0.0,2026-02-12 12:56:18.187550
65,2005-11-01,3.54,1.64,2.69,3.999,7.0,6.33,4.535,4.4165,5.0,0.5555,198.1,2147.0,,81.6,3.54,0.1185,5.0,4.9,5.1,3.7794,3.4997,3.0026,,,,0.2196,0.0,2026-02-12 12:56:18.187550
66,2005-12-01,3.54,1.64,2.69,4.1571,7.1548,6.272,4.4671,4.4043,4.9,0.5555,198.1,1994.0,,91.5,3.54,0.0629,5.0,5.0,5.0,3.999,3.623,3.0357,,,,0.1581,-0.1,2026-02-12 12:56:18.187550
67,2006-01-01,3.86,1.61,2.78,4.2852,7.2625,6.145,4.416,4.3955,4.7,1.3454,199.3,2273.0,,91.2,3.45,0.0205,4.9,5.0,5.0,4.1571,3.7794,3.2626,,,,0.1281,-0.2,2026-02-12 12:56:18.187550
68,2006-02-01,3.86,1.61,2.78,4.4914,7.5,6.2525,4.5689,4.6684,4.8,1.3454,199.4,2119.0,,86.7,3.45,-0.0995,4.7,5.0,4.9,4.2852,3.999,3.4997,,,,0.2063,0.1,2026-02-12 12:56:18.187550
69,2006-03-01,3.86,1.61,2.78,4.5894,7.5435,6.324,4.7239,4.7339,4.7,1.3454,199.7,1969.0,,88.9,3.45,-0.01,4.8,4.9,5.0,4.4914,4.1571,3.623,,,,0.0979,-0.1,2026-02-12 12:56:18.187550
70,2006-04-01,4.13,1.62,2.92,4.7903,7.75,6.5075,4.9905,4.8889,4.7,0.2588,200.7,1821.0,,87.4,3.44,0.1016,4.7,4.7,5.0,4.5894,4.2852,3.7794,,,,0.201,0.0,2026-02-12 12:56:18.187550
71,2006-05-01,4.13,1.62,2.92,4.9403,7.9205,6.5975,5.11,4.9682,4.6,0.2588,201.3,1942.0,,79.1,3.44,0.1418,4.7,4.8,5.0,4.7903,4.4914,3.999,,,,0.15,-0.1,2026-02-12 12:56:18.187550
72,2006-06-01,4.13,1.62,2.92,4.991,8.0227,6.682,5.1064,5.1218,4.6,0.2588,201.8,1802.0,,84.9,3.44,-0.0155,4.6,4.7,4.9,4.9403,4.5894,4.1571,,,,0.0507,0.0,2026-02-12 12:56:18.187550
73,2006-07-01,4.12,1.74,2.96,5.2352,8.25,6.7625,5.0875,5.1185,4.7,0.15,202.9,1737.0,,84.7,3.45,-0.031,4.6,4.7,4.7,4.991,4.7903,4.2852,,,,0.2442,0.1,2026-02-12 12:56:18.187550
74,2006-08-01,4.12,1.74,2.96,5.2465,8.25,6.524,4.8765,4.9035,4.7,0.15,203.8,1650.0,,82.0,3.45,-0.027,4.7,4.6,4.8,5.2352,4.9403,4.4914,,,,0.0113,0.0,2026-02-12 12:56:18.187550
75,2006-09-01,4.12,1.74,2.96,5.2547,8.25,6.4025,4.719,4.769,4.5,0.15,202.8,1720.0,,85.4,3.45,-0.05,4.7,4.6,4.7,5.2465,4.991,4.5894,,,,0.0082,-0.2,2026-02-12 12:56:18.187550
76,2006-10-01,3.95,1.92,2.94,5.2452,8.25,6.3575,4.729,4.7957,4.4,0.8594,201.9,1491.0,,93.6,3.47,-0.0667,4.5,4.7,4.7,5.2547,5.2352,4.7903,,,,-0.0095,-0.1,2026-02-12 12:56:18.187550
77,2006-11-01,3.95,1.92,2.94,5.2457,8.25,6.24,4.5952,4.7405,4.5,0.8594,202.0,1570.0,,92.1,3.47,-0.1452,4.4,4.7,4.6,5.2452,5.2465,4.9403,,,,0.0005,0.1,2026-02-12 12:56:18.187550
78,2006-12-01,3.95,1.92,2.94,5.2381,8.25,6.135,4.5645,4.6735,4.4,0.8594,203.1,1649.0,,91.7,3.47,-0.109,4.5,4.5,4.6,5.2457,5.2547,4.991,,,,-0.0076,-0.1,2026-02-12 12:56:18.187550
79,2007-01-01,3.98,2.08,2.93,5.2484,8.25,6.2175,4.7595,4.8762,4.6,0.3008,203.437,1409.0,,96.9,3.33,-0.1167,4.4,4.4,4.7,5.2381,5.2452,5.2352,,,,0.0103,0.2,2026-02-12 12:56:18.187550
80,2007-02-01,3.98,2.08,2.93,5.2589,8.25,6.285,4.7226,4.8489,4.5,0.3008,204.226,1480.0,,91.3,3.33,-0.1263,4.6,4.5,4.7,5.2484,5.2457,5.2465,,,,0.0105,-0.1,2026-02-12 12:56:18.187550
81,2007-03-01,3.98,2.08,2.93,5.2568,8.25,6.156,4.5645,4.5736,4.4,0.3008,205.288,1495.0,,88.4,3.33,-0.0091,4.5,4.4,4.5,5.2589,5.2381,5.2547,,,,-0.0022,-0.1,2026-02-12 12:56:18.187550
82,2007-04-01,4.02,2.29,2.99,5.2497,8.25,6.18,4.6938,4.6662,4.5,0.6118,205.904,1490.0,,87.1,3.33,0.0276,4.4,4.6,4.4,5.2568,5.2484,5.2452,,,,-0.0071,0.1,2026-02-12 12:56:18.187550
83,2007-05-01,4.02,2.29,2.99,5.2535,8.25,6.262,4.7464,4.7664,4.4,0.6118,206.755,1415.0,,88.3,3.33,-0.02,4.5,4.5,4.5,5.2497,5.2589,5.2457,,,,0.0039,-0.1,2026-02-12 12:56:18.187550
84,2007-06-01,4.02,2.29,2.99,5.254,8.25,6.6575,5.1029,4.9805,4.6,0.6118,207.234,1448.0,,85.3,3.33,0.1224,4.4,4.4,4.4,5.2535,5.2568,5.2381,,,,0.0005,0.2,2026-02-12 12:56:18.187550
85,2007-07-01,4.41,2.72,3.2,5.2584,8.25,6.695,5.0043,4.819,4.7,0.576,207.603,1354.0,,90.4,3.39,0.1852,4.6,4.5,4.6,5.254,5.2497,5.2484,,,,0.0044,0.1,2026-02-12 12:56:18.187550
86,2007-08-01,4.41,2.72,3.2,5.0223,8.25,6.572,4.6748,4.313,4.6,0.576,207.667,1330.0,,83.4,3.39,0.3617,4.7,4.4,4.5,5.2584,5.2535,5.2589,,,,-0.2361,-0.1,2026-02-12 12:56:18.187550
87,2007-09-01,4.41,2.72,3.2,4.938,8.0132,6.3825,4.5216,4.0116,4.7,0.576,208.547,1183.0,,83.4,3.39,0.51,4.6,4.6,4.4,5.0223,5.254,5.2568,,,,-0.0843,0.1,2026-02-12 12:56:18.187550
88,2007-10-01,4.6,3.1,3.4,4.7555,7.7386,6.375,4.5277,3.9677,4.7,0.6282,209.19,1264.0,,80.9,3.35,0.56,4.7,4.7,4.5,4.938,5.2584,5.2497,,,,-0.1825,0.0,2026-02-12 12:56:18.187550
89,2007-11-01,4.6,3.1,3.4,4.4867,7.5,6.208,4.1485,3.3365,4.7,0.6282,210.834,1197.0,,76.1,3.35,0.812,4.7,4.6,4.4,4.7555,5.0223,5.2535,,,,-0.2688,0.0,2026-02-12 12:56:18.187550
90,2007-12-01,4.6,3.1,3.4,4.2445,7.325,6.095,4.0975,3.117,5.0,0.6282,211.445,1037.0,,75.5,3.35,0.9805,4.7,4.7,4.6,4.4867,4.938,5.254,,,,-0.2422,0.3,2026-02-12 12:56:18.187550
91,2008-01-01,4.77,3.68,3.49,3.9403,6.9167,5.758,3.7443,2.4757,5.0,-0.4268,212.174,1084.0,,78.4,3.3,1.2686,5.0,4.7,4.7,4.2445,4.7555,5.2584,,,,-0.3042,0.0,2026-02-12 12:56:18.187550
92,2008-02-01,4.77,3.68,3.49,2.9807,6.0,5.9175,3.7375,1.973,4.9,-0.4268,212.687,1103.0,,70.8,3.3,1.7645,5.0,4.7,4.6,3.9403,4.4867,5.0223,,,,-0.9596,-0.1,2026-02-12 12:56:18.187550
93,2008-03-01,4.77,3.68,3.49,2.6103,5.6429,5.97,3.51,1.617,5.1,-0.4268,213.448,1005.0,,69.5,3.3,1.893,4.9,5.0,4.7,2.9807,4.2445,4.938,,,,-0.3704,0.2,2026-02-12 12:56:18.187550
94,2008-04-01,4.9,4.36,3.56,2.2783,5.2386,5.9175,3.675,2.0473,5.0,0.5954,213.942,1013.0,,62.6,3.31,1.6277,5.1,5.0,4.7,2.6103,3.9403,4.7555,,,,-0.332,-0.1,2026-02-12 12:56:18.187550
95,2008-05-01,4.9,4.36,3.56,1.9784,5.0,6.036,3.88,2.4457,5.4,0.5954,215.208,973.0,,59.8,3.31,1.4343,5.0,4.9,4.7,2.2783,2.9807,4.4867,,,,-0.2999,0.4,2026-02-12 12:56:18.187550
96,2008-06-01,4.9,4.36,3.56,2.001,5.0,6.32,4.0995,2.7738,5.6,0.5954,217.463,1046.0,,56.4,3.31,1.3257,5.4,5.1,5.0,1.9784,2.6103,4.2445,,,,0.0226,0.2,2026-02-12 12:56:18.187550
97,2008-07-01,4.8,5.28,3.71,2.0097,5.0,6.426,4.0077,2.5732,5.8,-0.5253,219.016,923.0,,61.2,3.31,1.4345,5.6,5.0,5.0,2.001,2.2783,3.9403,,,,0.0087,0.2,2026-02-12 12:56:18.187550
98,2008-08-01,4.8,5.28,3.71,1.9965,5.0,6.4775,3.8857,2.4205,6.1,-0.5253,218.69,844.0,,63.0,3.31,1.4652,5.8,5.4,4.9,2.0097,1.9784,2.9807,,,,-0.0132,0.3,2026-02-12 12:56:18.187550
99,2008-09-01,4.8,5.28,3.71,1.8117,5.0,6.0375,3.6862,2.0762,6.1,-0.5253,218.877,820.0,,70.3,3.31,1.61,6.1,5.6,5.1,1.9965,2.001,2.6103,,,,-0.1848,0.0,2026-02-12 12:56:18.187550
100,2008-10-01,5.64,6.58,4.27,0.9694,4.5455,6.2,3.8141,1.6123,6.5,-2.189,216.995,777.0,,57.6,3.15,2.2018,6.1,5.8,5.0,1.8117,2.0097,2.2783,,,,-0.8423,0.4,2026-02-12 12:56:18.187550
101,2008-11-01,5.64,6.58,4.27,0.3877,4.0,6.0875,3.5267,1.2128,6.8,-2.189,213.153,652.0,,55.3,3.15,2.3139,6.5,6.1,5.4,0.9694,1.9965,1.9784,,,,-0.5817,0.3,2026-02-12 12:56:18.187550
102,2008-12-01,5.64,6.58,4.27,0.1552,3.6087,5.286,2.4164,0.8209,7.3,-2.189,211.398,560.0,,60.1,3.15,1.5955,6.8,6.1,5.6,0.3877,1.8117,2.001,,,,-0.2325,0.5,2026-02-12 12:56:18.187550
103,2009-01-01,6.51,8.01,4.67,0.1542,3.25,5.0475,2.5175,0.807,7.8,-1.1349,211.933,490.0,,61.2,3.26,1.7105,7.3,6.5,5.8,0.1552,0.9694,2.0097,,,,-0.001,0.5,2026-02-12 12:56:18.187550
104,2009-02-01,6.51,8.01,4.67,0.2221,3.25,5.13,2.87,0.9753,8.3,-1.1349,212.705,582.0,,56.3,3.26,1.8947,7.8,6.8,6.1,0.1542,0.3877,1.9965,,,,0.0679,0.5,2026-02-12 12:56:18.187550
105,2009-03-01,6.51,8.01,4.67,0.1806,3.25,5.0025,2.8195,0.9314,8.7,-1.1349,212.495,505.0,,57.3,3.26,1.8882,8.3,7.3,6.1,0.2221,0.1552,1.8117,,,,-0.0415,0.4,2026-02-12 12:56:18.187550
106,2009-04-01,6.77,8.57,4.85,0.1503,3.25,4.81,2.9271,0.9271,9.0,-0.1787,212.709,478.0,,65.1,3.32,2.0,8.7,7.8,6.5,0.1806,0.1542,0.9694,,,,-0.0303,0.3,2026-02-12 12:56:18.187550
107,2009-05-01,6.77,8.57,4.85,0.1774,3.25,4.8575,3.293,0.9295,9.4,-0.1787,213.022,540.0,,68.7,3.32,2.3635,9.0,8.3,6.8,0.1503,0.2221,0.3877,,,,0.0271,0.4,2026-02-12 12:56:18.187550
108,2009-06-01,6.77,8.57,4.85,0.2063,3.25,5.42,3.7218,1.1841,9.5,-0.1787,214.79,585.0,,70.8,3.32,2.5377,9.4,8.7,7.3,0.1774,0.1806,0.1552,,,,0.0289,0.1,2026-02-12 12:56:18.187550
109,2009-07-01,6.49,9.47,4.7,0.1558,3.25,5.222,3.5623,1.0191,9.5,0.3512,214.726,594.0,,66.0,3.37,2.5432,9.5,9.0,7.8,0.2063,0.1503,0.1542,,,,-0.0505,0.0,2026-02-12 12:56:18.187550
110,2009-08-01,6.49,9.47,4.7,0.1603,3.25,5.1925,3.5871,1.1152,9.6,0.3512,215.445,586.0,,65.7,3.37,2.4719,9.5,9.4,8.3,0.1558,0.1774,0.2221,,,,0.0045,0.1,2026-02-12 12:56:18.187550
111,2009-09-01,6.49,9.47,4.7,0.1467,3.25,5.0575,3.4019,0.9562,9.8,0.3512,215.861,585.0,,73.5,3.37,2.4457,9.6,9.5,8.7,0.1603,0.2063,0.1806,,,,-0.0137,0.2,2026-02-12 12:56:18.187550
112,2009-10-01,6.33,10.4,4.59,0.1181,3.25,4.952,3.3876,0.949,10.0,1.0809,216.509,534.0,,70.6,3.47,2.4386,9.8,9.5,9.0,0.1467,0.1558,0.1503,,,,-0.0286,0.2,2026-02-12 12:56:18.187550
113,2009-11-01,6.33,10.4,4.59,0.119,3.25,4.875,3.4026,0.8032,9.9,1.0809,217.234,588.0,,67.4,3.47,2.5995,10.0,9.6,9.4,0.1181,0.1603,0.1774,,,,0.0009,-0.1,2026-02-12 12:56:18.187550
114,2009-12-01,6.33,10.4,4.59,0.1181,3.25,4.93,3.59,0.8745,9.9,1.0809,217.347,581.0,,72.5,3.47,2.7155,9.9,9.8,9.5,0.119,0.1467,0.2063,,,,-0.0009,0.0,2026-02-12 12:56:18.187550
115,2010-01-01,5.78,11.49,4.72,0.11,3.25,5.03,3.7332,0.9289,9.8,0.4845,217.488,614.0,,74.4,3.83,2.8042,9.9,10.0,9.5,0.1181,0.1181,0.1558,,,,-0.0081,-0.1,2026-02-12 12:56:18.187550
116,2010-02-01,5.78,11.49,4.72,0.1264,3.25,4.99,3.6911,0.8568,9.8,0.4845,217.281,604.0,,73.6,3.83,2.8342,9.8,9.9,9.6,0.11,0.119,0.1603,,,,0.0164,0.0,2026-02-12 12:56:18.187550
117,2010-03-01,5.78,11.49,4.72,0.1645,3.25,4.9675,3.7274,0.9587,9.9,0.4845,217.353,636.0,,73.6,3.83,2.7687,9.8,9.9,9.8,0.1264,0.1181,0.1467,,,,0.0381,0.1,2026-02-12 12:56:18.187550
118,2010-04-01,5.1,11.08,4.25,0.1983,3.25,5.098,3.8468,1.0605,9.9,0.9676,217.403,687.0,,72.2,3.77,2.7864,9.9,9.8,10.0,0.1645,0.11,0.1181,,,,0.0338,0.0,2026-02-12 12:56:18.187550
119,2010-05-01,5.1,11.08,4.25,0.2006,3.25,4.8875,3.42,0.8305,9.6,0.9676,217.29,583.0,,73.6,3.77,2.5895,9.9,9.8,9.9,0.1983,0.1264,0.119,,,,0.0023,-0.3,2026-02-12 12:56:18.187550
120,2010-06-01,5.1,11.08,4.25,0.1767,3.25,4.7375,3.2041,0.7245,9.4,0.9676,217.199,536.0,,76.0,3.77,2.4795,9.6,9.9,9.9,0.2006,0.1645,0.1181,,,,-0.024,-0.2,2026-02-12 12:56:18.187550
121,2010-07-01,4.58,10.65,4.0,0.1826,3.25,4.564,3.0114,0.6167,9.4,0.7711,217.605,546.0,,67.8,3.73,2.3948,9.4,9.9,9.8,0.1767,0.1983,0.11,,,,0.0059,0.0,2026-02-12 12:56:18.187550
122,2010-08-01,4.58,10.65,4.0,0.1894,3.25,4.4275,2.6986,0.5205,9.5,0.7711,217.923,599.0,,68.9,3.73,2.1782,9.4,9.6,9.8,0.1826,0.2006,0.1264,,,,0.0068,0.1,2026-02-12 12:56:18.187550
123,2010-09-01,4.58,10.65,4.0,0.1947,3.25,4.346,2.6476,0.48,9.5,0.7711,218.275,594.0,,68.2,3.73,2.1676,9.5,9.4,9.9,0.1894,0.1767,0.1645,,,,0.0053,0.0,2026-02-12 12:56:18.187550
124,2010-10-01,4.14,10.32,3.63,0.1913,3.25,4.225,2.54,0.376,9.4,0.5251,219.035,543.0,,67.7,3.7,2.164,9.5,9.4,9.9,0.1947,0.1826,0.1983,,,,-0.0034,-0.1,2026-02-12 12:56:18.187550
125,2010-11-01,4.14,10.32,3.63,0.1943,3.25,4.3,2.763,0.454,9.8,0.5251,219.59,545.0,,71.6,3.7,2.309,9.4,9.5,9.6,0.1913,0.1894,0.2006,,,,0.003,0.4,2026-02-12 12:56:18.187550
126,2010-12-01,4.14,10.32,3.63,0.1832,3.25,4.714,3.2909,0.6182,9.3,0.5251,220.472,539.0,,74.5,3.7,2.6727,9.8,9.5,9.4,0.1943,0.1947,0.1767,,,,-0.0111,-0.5,2026-02-12 12:56:18.187550
127,2011-01-01,3.82,10.37,3.43,0.1684,3.25,4.755,3.394,0.6145,9.1,-0.2372,221.187,630.0,,74.2,3.56,2.7795,9.3,9.4,9.4,0.1832,0.1913,0.1826,,,,-0.0148,-0.2,2026-02-12 12:56:18.187550
128,2011-02-01,3.82,10.37,3.43,0.1568,3.25,4.9525,3.5763,0.7726,9.0,-0.2372,221.898,517.0,,77.5,3.56,2.8037,9.1,9.8,9.5,0.1684,0.1943,0.1894,,,,-0.0116,-0.1,2026-02-12 12:56:18.187550
129,2011-03-01,3.82,10.37,3.43,0.1387,3.25,4.836,3.4143,0.6974,9.0,-0.2372,223.046,600.0,,67.5,3.56,2.717,9.0,9.3,9.5,0.1568,0.1832,0.1947,,,,-0.0181,0.0,2026-02-12 12:56:18.187550
130,2011-04-01,3.65,10.55,3.27,0.098,3.25,4.84,3.455,0.7345,9.1,0.6766,224.093,554.0,,69.8,3.54,2.7205,9.0,9.1,9.4,0.1387,0.1684,0.1913,,,,-0.0407,0.1,2026-02-12 12:56:18.187550
131,2011-05-01,3.65,10.55,3.27,0.0939,3.25,4.6375,3.1686,0.5552,9.0,0.6766,224.806,561.0,,74.3,3.54,2.6133,9.1,9.0,9.8,0.098,0.1568,0.1943,,,,-0.0041,-0.1,2026-02-12 12:56:18.187550
132,2011-06-01,3.65,10.55,3.27,0.092,3.25,4.51,3.0023,0.4105,9.1,0.6766,224.806,608.0,,71.5,3.54,2.5918,9.0,9.0,9.3,0.0939,0.1387,0.1832,,,,-0.0019,0.1,2026-02-12 12:56:18.187550
133,2011-07-01,3.45,10.5,3.13,0.071,3.25,4.545,3.003,0.4065,9.0,-0.0223,225.395,623.0,,63.7,3.55,2.5965,9.1,9.1,9.1,0.092,0.098,0.1684,,,,-0.021,-0.1,2026-02-12 12:56:18.187550
134,2011-08-01,3.45,10.5,3.13,0.0958,3.25,4.27,2.303,0.2304,9.0,-0.0223,226.106,585.0,,55.8,3.55,2.0726,9.0,9.0,9.0,0.071,0.0939,0.1568,,,,0.0248,0.0,2026-02-12 12:56:18.187550
135,2011-09-01,3.45,10.5,3.13,0.084,3.25,4.106,1.9752,0.2114,9.0,-0.0223,226.597,650.0,,59.5,3.55,1.7638,9.0,9.1,9.0,0.0958,0.092,0.1387,,,,-0.0118,0.0,2026-02-12 12:56:18.187550
136,2011-10-01,3.25,10.25,3.07,0.0706,3.25,4.0675,2.152,0.2805,8.8,1.123,226.75,610.0,,60.8,3.53,1.8715,9.0,9.0,9.1,0.084,0.071,0.098,,,,-0.0134,-0.2,2026-02-12 12:56:18.187550
137,2011-11-01,3.25,10.25,3.07,0.081,3.25,3.9925,2.0135,0.2535,8.6,1.123,227.169,711.0,,63.7,3.53,1.76,8.8,9.0,9.0,0.0706,0.0958,0.0939,,,,0.0104,-0.2,2026-02-12 12:56:18.187550
138,2011-12-01,3.25,10.25,3.07,0.0716,3.25,3.958,1.9781,0.2571,8.5,1.123,227.223,694.0,,69.9,3.53,1.721,8.6,9.0,9.1,0.081,0.084,0.092,,,,-0.0094,-0.1,2026-02-12 12:56:18.187550
139,2012-01-01,3.06,10.33,2.93,0.0819,3.25,3.915,1.9665,0.2405,8.3,0.8386,227.842,723.0,,75.0,3.45,1.726,8.5,8.8,9.0,0.0716,0.0706,0.071,,,,0.0103,-0.2,2026-02-12 12:56:18.187550
140,2012-02-01,3.06,10.33,2.93,0.1038,3.25,3.89,1.9675,0.278,8.3,0.8386,228.329,704.0,,75.3,3.45,1.6895,8.3,8.6,9.0,0.0819,0.081,0.0958,,,,0.0219,0.0,2026-02-12 12:56:18.187550
141,2012-03-01,3.06,10.33,2.93,0.1268,3.25,3.954,2.1727,0.3445,8.2,0.8386,228.807,695.0,,76.2,3.45,1.8282,8.3,8.5,9.0,0.1038,0.0716,0.084,,,,0.023,-0.1,2026-02-12 12:56:18.187550
142,2012-04-01,2.92,10.45,2.84,0.1393,3.25,3.91,2.0529,0.2919,8.2,0.4463,229.187,753.0,,76.4,3.41,1.761,8.2,8.3,8.8,0.1268,0.0819,0.0706,,,,0.0126,0.0,2026-02-12 12:56:18.187550
143,2012-05-01,2.92,10.45,2.84,0.1558,3.25,3.798,1.8032,0.285,8.2,0.4463,228.713,708.0,,79.3,3.41,1.5182,8.2,8.3,8.6,0.1393,0.1038,0.081,,,,0.0165,0.0,2026-02-12 12:56:18.187550
144,2012-06-01,2.92,10.45,2.84,0.1617,3.25,3.675,1.6224,0.2919,8.2,0.4463,228.524,757.0,,73.2,3.41,1.3305,8.2,8.2,8.5,0.1558,0.1268,0.0716,,,,0.0059,0.0,2026-02-12 12:56:18.187550
145,2012-07-01,2.82,10.48,2.78,0.1565,3.25,3.55,1.5267,0.2481,8.2,0.144,228.59,740.0,,72.3,3.39,1.2786,8.2,8.2,8.3,0.1617,0.1393,0.0819,,,,-0.0052,0.0,2026-02-12 12:56:18.187550
146,2012-08-01,2.82,10.48,2.78,0.1323,3.25,3.602,1.6783,0.2687,8.1,0.144,229.918,754.0,,74.3,3.39,1.4096,8.2,8.2,8.3,0.1565,0.1558,0.1038,,,,-0.0242,-0.1,2026-02-12 12:56:18.187550
147,2012-09-01,2.82,10.48,2.78,0.1443,3.25,3.4975,1.7232,0.2553,7.8,0.144,231.015,847.0,,78.3,3.39,1.4679,8.1,8.2,8.2,0.1323,0.1617,0.1268,,,,0.0121,-0.3,2026-02-12 12:56:18.187550
148,2012-10-01,2.71,10.03,2.63,0.1584,3.25,3.3825,1.7462,0.2771,7.8,0.1156,231.638,915.0,,82.6,3.37,1.469,7.8,8.2,8.2,0.1443,0.1565,0.1393,,,,0.0141,0.0,2026-02-12 12:56:18.187550
149,2012-11-01,2.71,10.03,2.63,0.1607,3.25,3.352,1.654,0.268,7.7,0.1156,231.249,833.0,,82.7,3.37,1.386,7.8,8.1,8.2,0.1584,0.1323,0.1558,,,,0.0023,-0.1,2026-02-12 12:56:18.187550
150,2012-12-01,2.71,10.03,2.63,0.1645,3.25,3.345,1.719,0.257,7.9,0.1156,231.221,976.0,,72.9,3.37,1.462,7.7,7.8,8.2,0.1607,0.1443,0.1617,,,,0.0038,0.2,2026-02-12 12:56:18.187550
151,2013-01-01,2.64,9.73,2.56,0.1426,3.25,3.414,1.9148,0.2652,8.0,0.9866,231.679,888.0,,73.8,3.2,1.6495,7.9,7.8,8.2,0.1645,0.1584,0.1565,,,,-0.0219,0.1,2026-02-12 12:56:18.187550
152,2013-02-01,2.64,9.73,2.56,0.145,3.25,3.5325,1.9842,0.2674,7.7,0.9866,232.937,962.0,,77.6,3.2,1.7168,8.0,7.7,8.1,0.1426,0.1607,0.1323,,,,0.0024,-0.3,2026-02-12 12:56:18.187550
153,2013-03-01,2.64,9.73,2.56,0.1435,3.25,3.565,1.9575,0.256,7.5,0.9866,232.282,1010.0,,78.6,3.2,1.7015,7.7,7.9,7.8,0.145,0.1645,0.1443,,,,-0.0015,-0.2,2026-02-12 12:56:18.187550
154,2013-04-01,2.53,9.32,2.48,0.145,3.25,3.445,1.7591,0.2323,7.6,0.2676,231.797,835.0,,76.4,3.2,1.5268,7.5,8.0,7.8,0.1435,0.1426,0.1584,,,,0.0015,0.1,2026-02-12 12:56:18.187550
155,2013-05-01,2.53,9.32,2.48,0.109,3.25,3.536,1.9282,0.2505,7.5,0.2676,231.893,930.0,,84.5,3.2,1.6777,7.6,7.7,7.7,0.145,0.145,0.1607,,,,-0.036,-0.1,2026-02-12 12:56:18.187550
156,2013-06-01,2.53,9.32,2.48,0.0937,3.25,4.07,2.3,0.3335,7.5,0.2676,232.445,839.0,,84.1,3.2,1.9665,7.5,7.5,7.9,0.109,0.1435,0.1645,,,,-0.0154,0.0,2026-02-12 12:56:18.187550
157,2013-07-01,2.44,8.66,2.4,0.0926,3.25,4.37,2.5823,0.3409,7.3,0.8514,232.9,880.0,,85.1,3.19,2.2414,7.5,7.6,8.0,0.0937,0.145,0.1426,,,,-0.0011,-0.2,2026-02-12 12:56:18.187550
158,2013-08-01,2.44,8.66,2.4,0.0829,3.25,4.456,2.7373,0.3564,7.2,0.8514,233.456,917.0,,82.1,3.19,2.3809,7.3,7.5,7.7,0.0926,0.109,0.145,,,,-0.0097,-0.1,2026-02-12 12:56:18.187550
159,2013-09-01,2.44,8.66,2.4,0.08,3.25,4.49,2.8095,0.404,7.2,0.8514,233.544,850.0,,77.5,3.19,2.4055,7.2,7.5,7.5,0.0829,0.0937,0.1435,,,,-0.0029,0.0,2026-02-12 12:56:18.187550
160,2013-10-01,2.38,8.29,2.37,0.0871,3.25,4.192,2.6159,0.3355,7.2,0.8717,233.669,925.0,,73.2,3.2,2.2805,7.2,7.3,7.6,0.08,0.0926,0.145,,,,0.0071,0.0,2026-02-12 12:56:18.187550
161,2013-11-01,2.38,8.29,2.37,0.0843,3.25,4.255,2.7184,0.3037,6.9,0.8717,234.1,1100.0,,75.1,3.2,2.4147,7.2,7.2,7.5,0.0871,0.0829,0.109,,,,-0.0028,-0.3,2026-02-12 12:56:18.187550
162,2013-12-01,2.38,8.29,2.37,0.0852,3.25,4.4575,2.9019,0.34,6.7,0.8717,234.719,1002.0,,82.5,3.2,2.5619,6.9,7.2,7.5,0.0843,0.08,0.0937,,,,0.0008,-0.2,2026-02-12 12:56:18.187550
163,2014-01-01,2.32,7.77,2.32,0.0716,3.25,4.432,2.8581,0.3938,6.6,-0.3451,235.288,888.0,,81.2,3.1,2.4643,6.7,7.2,7.3,0.0852,0.0871,0.0926,,,,-0.0135,-0.1,2026-02-12 12:56:18.187550
164,2014-02-01,2.32,7.77,2.32,0.0664,3.25,4.3025,2.7095,0.3268,6.7,-0.3451,235.547,944.0,,81.6,3.1,2.3826,6.6,6.9,7.2,0.0716,0.0843,0.0829,,,,-0.0052,0.1,2026-02-12 12:56:18.187550
165,2014-03-01,2.32,7.77,2.32,0.0781,3.25,4.3425,2.7233,0.399,6.7,-0.3451,236.028,970.0,,80.0,3.1,2.3243,6.7,6.7,7.2,0.0664,0.0852,0.08,,,,0.0116,0.0,2026-02-12 12:56:18.187550
166,2014-04-01,2.26,7.43,2.27,0.0903,3.25,4.3375,2.7052,0.4171,6.2,1.2918,236.468,1043.0,,84.1,3.09,2.2881,6.7,6.6,7.2,0.0781,0.0716,0.0871,,,,0.0123,-0.5,2026-02-12 12:56:18.187550
167,2014-05-01,2.26,7.43,2.27,0.0871,3.25,4.192,2.559,0.389,6.3,1.2918,236.918,1007.0,,81.9,3.09,2.17,6.2,6.7,6.9,0.0903,0.0664,0.0843,,,,-0.0032,0.1,2026-02-12 12:56:18.187550
168,2014-06-01,2.26,7.43,2.27,0.0957,3.25,4.1625,2.5986,0.4524,6.1,1.2918,237.231,911.0,,82.5,3.09,2.1462,6.3,6.7,6.7,0.0871,0.0781,0.0852,,,,0.0086,-0.2,2026-02-12 12:56:18.187550
169,2014-07-01,2.2,7.06,2.2,0.091,3.25,4.13,2.5423,0.5064,6.2,1.2154,237.498,1085.0,,81.8,3.09,2.0359,6.1,6.2,6.6,0.0957,0.0903,0.0716,,,,-0.0047,0.1,2026-02-12 12:56:18.187550
170,2014-08-01,2.2,7.06,2.2,0.0881,3.25,4.115,2.42,0.4724,6.1,1.2154,237.46,984.0,,82.5,3.09,1.9476,6.2,6.3,6.7,0.091,0.0871,0.0664,,,,-0.0029,-0.1,2026-02-12 12:56:18.187550
171,2014-09-01,2.2,7.06,2.2,0.0883,3.25,4.1625,2.5343,0.5667,5.9,1.2154,237.477,1023.0,,84.6,3.09,1.9676,6.1,6.1,6.7,0.0881,0.0957,0.0781,,,,0.0003,-0.2,2026-02-12 12:56:18.187550
172,2014-10-01,2.15,6.5,2.09,0.089,3.25,4.036,2.3041,0.4455,5.7,0.5057,237.43,1074.0,,86.9,3.11,1.8586,5.9,6.2,6.2,0.0883,0.091,0.0903,,,,0.0007,-0.2,2026-02-12 12:56:18.187550
173,2014-11-01,2.15,6.5,2.09,0.092,3.25,3.9975,2.3256,0.5272,5.8,0.5057,236.983,1001.0,,88.8,3.11,1.7983,5.7,6.1,6.3,0.089,0.0881,0.0871,,,,0.003,0.1,2026-02-12 12:56:18.187550
174,2014-12-01,2.15,6.5,2.09,0.1226,3.25,3.864,2.2073,0.6355,5.6,0.5057,236.252,1073.0,,93.6,3.11,1.5718,5.8,5.9,6.1,0.092,0.0883,0.0957,,,,0.0306,-0.2,2026-02-12 12:56:18.187550
175,2015-01-01,2.11,6.24,2.01,0.1148,3.25,3.67,1.8815,0.5515,5.7,0.9005,234.747,1085.0,,98.1,2.95,1.33,5.6,5.7,6.2,0.1226,0.089,0.091,,,,-0.0077,0.1,2026-02-12 12:56:18.187550
176,2015-02-01,2.11,6.24,2.01,0.1107,3.25,3.71,1.9753,0.6189,5.5,0.9005,235.342,886.0,,95.4,2.95,1.3563,5.7,5.8,6.1,0.1148,0.092,0.0881,,,,-0.0041,-0.2,2026-02-12 12:56:18.187550
177,2015-03-01,2.11,6.24,2.01,0.1129,3.25,3.77,2.0427,0.6405,5.4,0.9005,235.976,960.0,,93.0,2.95,1.4023,5.5,5.6,5.9,0.1107,0.1226,0.0883,,,,0.0022,-0.1,2026-02-12 12:56:18.187550
178,2015-04-01,2.12,5.82,1.98,0.1247,3.25,3.672,1.935,0.54,5.4,0.6194,236.222,1190.0,,95.9,2.98,1.395,5.4,5.7,5.7,0.1129,0.1148,0.089,,,,0.0118,0.0,2026-02-12 12:56:18.187550
179,2015-05-01,2.12,5.82,1.98,0.1232,3.25,3.84,2.1975,0.609,5.6,0.6194,237.001,1079.0,,90.7,2.98,1.5885,5.4,5.5,5.8,0.1247,0.1107,0.092,,,,-0.0014,0.2,2026-02-12 12:56:18.187550
180,2015-06-01,2.12,5.82,1.98,0.129,3.25,3.9825,2.3636,0.6886,5.3,0.6194,237.657,1205.0,,96.1,2.98,1.675,5.6,5.4,5.6,0.1232,0.1129,0.1226,,,,0.0058,-0.3,2026-02-12 12:56:18.187550
181,2015-07-01,2.15,5.39,2.0,0.1303,3.25,4.046,2.3245,0.6677,5.2,0.4002,238.034,1146.0,,93.1,2.99,1.6568,5.3,5.4,5.7,0.129,0.1247,0.1148,,,,0.0013,-0.1,2026-02-12 12:56:18.187550
182,2015-08-01,2.15,5.39,2.0,0.1381,3.25,3.905,2.1671,0.6976,5.1,0.4002,238.033,1130.0,,91.9,2.99,1.4695,5.2,5.6,5.5,0.1303,0.1232,0.1107,,,,0.0077,-0.1,2026-02-12 12:56:18.187550
183,2015-09-01,2.15,5.39,2.0,0.136,3.25,3.89,2.1729,0.7133,5.0,0.4002,237.498,1224.0,,87.2,2.99,1.4595,5.1,5.3,5.4,0.1381,0.129,0.1129,,,,-0.0021,-0.1,2026-02-12 12:56:18.187550
184,2015-10-01,2.16,5.11,2.01,0.1235,3.25,3.796,2.07,0.6448,5.0,0.1845,237.733,1058.0,,90.0,3.02,1.4252,5.0,5.2,5.4,0.136,0.1303,0.1247,,,,-0.0125,0.0,2026-02-12 12:56:18.187550
185,2015-11-01,2.16,5.11,2.01,0.1177,3.25,3.9425,2.2632,0.8847,5.1,0.1845,238.017,1172.0,,91.3,3.02,1.3784,5.0,5.1,5.6,0.1235,0.1381,0.1232,,,,-0.0059,0.1,2026-02-12 12:56:18.187550
186,2015-12-01,2.16,5.11,2.01,0.2406,3.3636,3.964,2.2427,0.9827,5.0,0.1845,237.761,1146.0,,92.6,3.02,1.26,5.1,5.0,5.3,0.1177,0.136,0.129,,,,0.123,-0.1,2026-02-12 12:56:18.187550
187,2016-01-01,2.15,4.79,1.99,0.3429,3.5,3.8725,2.0853,0.8995,4.8,0.5795,237.652,1092.0,,92.0,3.02,1.1858,5.0,5.0,5.2,0.2406,0.1235,0.1303,,,,0.1023,-0.2,2026-02-12 12:56:18.187550
188,2016-02-01,2.15,4.79,1.99,0.3752,3.5,3.66,1.7795,0.7335,4.9,0.5795,237.336,1225.0,,91.7,3.02,1.046,4.8,5.1,5.1,0.3429,0.1177,0.1381,,,,0.0323,0.1,2026-02-12 12:56:18.187550
189,2016-03-01,2.15,4.79,1.99,0.3623,3.5,3.694,1.8891,0.875,5.0,0.5795,238.08,1111.0,,91.0,3.02,1.0141,4.9,5.0,5.0,0.3752,0.2406,0.136,,,,-0.0129,0.1,2026-02-12 12:56:18.187550
190,2016-04-01,2.21,4.58,2.05,0.3653,3.5,3.605,1.8052,0.7681,5.1,0.3211,238.992,1163.0,,89.0,3.01,1.0371,5.0,4.8,5.0,0.3623,0.3429,0.1235,,,,0.0031,0.1,2026-02-12 12:56:18.187550
191,2016-05-01,2.21,4.58,2.05,0.3652,3.5,3.6,1.8062,0.8162,4.8,0.3211,239.557,1148.0,,94.7,3.01,0.99,5.1,4.9,5.1,0.3653,0.3752,0.1177,,,,-0.0002,-0.3,2026-02-12 12:56:18.187550
192,2016-06-01,2.21,4.58,2.05,0.3777,3.5,3.568,1.6441,0.7314,4.9,0.3211,240.222,1203.0,,93.5,3.01,0.9127,4.8,5.0,5.0,0.3652,0.3623,0.2406,,,,0.0125,0.1,2026-02-12 12:56:18.187550
193,2016-07-01,2.29,4.38,2.08,0.3916,3.5,3.44,1.504,0.6725,4.8,0.7094,240.101,1239.0,,90.0,3.03,0.8315,4.9,5.1,4.8,0.3777,0.3653,0.3429,,,,0.0139,-0.1,2026-02-12 12:56:18.187550
194,2016-08-01,2.29,4.38,2.08,0.3968,3.5,3.435,1.5565,0.7374,4.9,0.7094,240.545,1171.0,,89.8,3.03,0.8191,4.8,4.8,4.9,0.3916,0.3652,0.3752,,,,0.0052,0.1,2026-02-12 12:56:18.187550
195,2016-09-01,2.29,4.38,2.08,0.3963,3.5,3.46,1.6305,0.771,5.0,0.7094,241.176,1068.0,,91.2,3.03,0.8595,4.9,4.9,5.0,0.3968,0.3777,0.3623,,,,-0.0004,0.1,2026-02-12 12:56:18.187550
196,2016-10-01,2.37,4.14,2.15,0.3965,3.5,3.47,1.7645,0.843,4.9,0.5543,241.741,1313.0,,87.2,3.06,0.9215,5.0,4.8,5.1,0.3963,0.3916,0.3653,,,,0.0001,-0.1,2026-02-12 12:56:18.187550
197,2016-11-01,2.37,4.14,2.15,0.4067,3.5,3.77,2.142,0.9795,4.7,0.5543,242.026,1140.0,,93.8,3.06,1.1625,4.9,4.9,4.8,0.3965,0.3968,0.3652,,,,0.0102,-0.2,2026-02-12 12:56:18.187550
198,2016-12-01,2.37,4.14,2.15,0.54,3.631,4.198,2.4919,1.1967,4.7,0.5543,242.637,1252.0,,98.2,3.06,1.2952,4.7,5.0,4.9,0.4067,0.3963,0.3777,,,,0.1333,0.0,2026-02-12 12:56:18.187550
199,2017-01-01,2.4,3.91,2.17,0.6497,3.75,4.15,2.4325,1.2065,4.7,0.4869,243.618,1190.0,,98.5,3.1,1.226,4.7,4.9,4.8,0.54,0.3965,0.3916,,,,0.1097,0.0,2026-02-12 12:56:18.187550
200,2017-02-01,2.4,3.91,2.17,0.6568,3.75,4.1675,2.4189,1.2011,4.6,0.4869,244.006,1271.0,,96.3,3.1,1.2179,4.7,4.7,4.9,0.6497,0.4067,0.3968,,,,0.0071,-0.1,2026-02-12 12:56:18.187550
201,2017-03-01,2.4,3.91,2.17,0.7861,3.8804,4.196,2.4817,1.313,4.4,0.4869,243.892,1190.0,,96.9,3.1,1.1687,4.6,4.7,5.0,0.6568,0.54,0.3963,,,,0.1293,-0.2,2026-02-12 12:56:18.187550
202,2017-04-01,2.49,3.68,2.22,0.896,4.0,4.045,2.2974,1.2411,4.4,0.5599,244.193,1146.0,,97.0,3.12,1.0563,4.4,4.7,4.9,0.7861,0.6497,0.3965,,,,0.1099,0.0,2026-02-12 12:56:18.187550
203,2017-05-01,2.49,3.68,2.22,0.9074,4.0,4.01,2.3036,1.3018,4.4,0.5599,244.004,1157.0,,97.1,3.12,1.0018,4.4,4.6,4.7,0.896,0.6568,0.4067,,,,0.0114,0.0,2026-02-12 12:56:18.187550
204,2017-06-01,2.49,3.68,2.22,1.04,4.1364,3.904,2.1868,1.3423,4.3,0.5599,244.163,1249.0,,95.0,3.12,0.8445,4.4,4.4,4.7,0.9074,0.7861,0.54,,,,0.1326,-0.1,2026-02-12 12:56:18.187550
205,2017-07-01,2.54,3.64,2.27,1.1506,4.25,3.9675,2.318,1.3725,4.3,0.7885,244.243,1206.0,,93.4,3.15,0.9455,4.3,4.4,4.7,1.04,0.896,0.6497,,,,0.1106,0.0,2026-02-12 12:56:18.187550
206,2017-08-01,2.54,3.64,2.27,1.1571,4.25,3.88,2.2091,1.3352,4.4,0.7885,245.183,1159.0,,96.8,3.15,0.8739,4.3,4.4,4.6,1.1506,0.9074,0.6568,,,,0.0065,0.1,2026-02-12 12:56:18.187550
207,2017-09-01,2.54,3.64,2.27,1.1533,4.25,3.805,2.202,1.3845,4.3,0.7885,246.435,1181.0,,95.1,3.15,0.8175,4.4,4.3,4.4,1.1571,1.04,0.7861,,,,-0.0038,-0.1,2026-02-12 12:56:18.187550
208,2017-10-01,2.48,3.57,2.23,1.1539,4.25,3.895,2.36,1.5495,4.2,1.127,246.626,1257.0,,100.7,3.17,0.8105,4.3,4.3,4.4,1.1533,1.1506,0.896,,,,0.0005,-0.1,2026-02-12 12:56:18.187550
209,2017-11-01,2.48,3.57,2.23,1.157,4.25,3.922,2.3533,1.6967,4.2,1.127,247.284,1273.0,,98.5,3.17,0.6567,4.2,4.4,4.4,1.1539,1.1571,0.9074,,,,0.0031,0.0,2026-02-12 12:56:18.187550
210,2017-12-01,2.48,3.57,2.23,1.3016,4.3875,3.95,2.4025,1.844,4.1,1.127,247.805,1177.0,,95.9,3.17,0.5585,4.2,4.3,4.3,1.157,1.1533,1.04,,,,0.1446,-0.1,2026-02-12 12:56:18.187550
211,2018-01-01,2.5,3.48,2.27,1.4145,4.5,4.0325,2.5838,2.0319,4.0,0.8134,248.859,1299.0,,95.7,3.23,0.5519,4.1,4.2,4.3,1.3016,1.1539,1.1506,,,,0.1129,-0.1,2026-02-12 12:56:18.187550
212,2018-02-01,2.5,3.48,2.27,1.4175,4.5,4.33,2.8589,2.1753,4.1,0.8134,249.529,1277.0,,99.7,3.23,0.6837,4.0,4.2,4.4,1.4145,1.157,1.1571,,,,0.003,0.1,2026-02-12 12:56:18.187550
213,2018-03-01,2.5,3.48,2.27,1.5061,4.5795,4.444,2.8424,2.2757,4.0,0.8134,249.577,1318.0,,101.4,3.23,0.5667,4.1,4.1,4.3,1.4175,1.3016,1.1533,,,,0.0886,-0.1,2026-02-12 12:56:18.187550
214,2018-04-01,2.5,3.22,2.26,1.6923,4.75,4.4675,2.869,2.3843,4.0,0.5308,250.227,1276.0,,98.8,3.31,0.4848,4.0,4.0,4.2,1.5061,1.4145,1.1539,,,,0.1862,0.0,2026-02-12 12:56:18.187550
215,2018-05-01,2.5,3.22,2.26,1.7,4.75,4.586,2.9777,2.5118,3.8,0.5308,250.792,1357.0,,98.0,3.31,0.4659,4.0,4.1,4.2,1.6923,1.4175,1.157,,,,0.0077,-0.2,2026-02-12 12:56:18.187550
216,2018-06-01,2.5,3.22,2.26,1.8197,4.8929,4.57,2.9124,2.5333,4.0,0.5308,251.018,1192.0,,98.2,3.31,0.379,3.8,4.0,4.1,1.7,1.5061,1.3016,,,,0.1197,0.2,2026-02-12 12:56:18.187550
217,2018-07-01,2.52,2.99,2.31,1.91,5.0,4.5275,2.889,2.6067,3.8,0.6237,251.214,1208.0,,97.9,3.33,0.2824,4.0,4.0,4.0,1.8197,1.6923,1.4145,,,,0.0903,-0.2,2026-02-12 12:56:18.187550
218,2018-08-01,2.52,2.99,2.31,1.9148,5.0,4.55,2.8891,2.6357,3.8,0.6237,251.663,1288.0,,96.2,3.33,0.2535,3.8,3.8,4.1,1.91,1.7,1.4175,,,,0.0048,0.0,2026-02-12 12:56:18.187550
219,2018-09-01,2.52,2.99,2.31,1.9547,5.0263,4.6275,3.0042,2.7679,3.7,0.6237,252.182,1250.0,,100.1,3.33,0.2363,3.8,4.0,4.0,1.9148,1.8197,1.5061,,,,0.0398,-0.1,2026-02-12 12:56:18.187550
220,2018-10-01,2.54,2.83,2.32,2.1877,5.25,4.83,3.1523,2.8609,3.8,0.1416,252.772,1221.0,,98.6,3.35,0.2914,3.7,3.8,4.0,1.9547,1.91,1.6923,,,,0.2331,0.1,2026-02-12 12:56:18.187550
221,2018-11-01,2.54,2.83,2.32,2.1977,5.25,4.866,3.117,2.859,3.8,0.1416,252.594,1181.0,,97.5,3.35,0.258,3.8,3.8,3.8,2.1877,1.9148,1.7,,,,0.0099,0.0,2026-02-12 12:56:18.187550
222,2018-12-01,2.54,2.83,2.32,2.2742,5.3375,4.6375,2.8326,2.6763,3.9,0.1416,252.767,1095.0,,98.3,3.35,0.1563,3.8,3.7,4.0,2.1977,1.9547,1.8197,,,,0.0765,0.1,2026-02-12 12:56:18.187550
223,2019-01-01,2.54,2.69,2.33,2.4,5.5,4.464,2.7138,2.5433,4.0,0.6243,252.561,1226.0,,91.2,3.36,0.1705,3.9,3.8,3.8,2.2742,2.1877,1.91,,,,0.1258,0.1,2026-02-12 12:56:18.187550
224,2019-02-01,2.54,2.69,2.33,2.4,5.5,4.37,2.6763,2.5042,3.8,0.6243,253.319,1121.0,,93.8,3.36,0.1721,4.0,3.8,3.8,2.4,2.1977,1.9148,,,,0.0,-0.2,2026-02-12 12:56:18.187550
225,2019-03-01,2.54,2.69,2.33,2.4052,5.5,4.265,2.571,2.4095,3.8,0.6243,254.277,1191.0,,98.4,3.36,0.1614,3.8,3.9,3.7,2.4,2.2742,1.9547,,,,0.0052,0.0,2026-02-12 12:56:18.187550
226,2019-04-01,2.59,2.6,2.35,2.4237,5.5,4.1425,2.5324,2.3448,3.7,0.8351,255.233,1272.0,,97.2,3.37,0.1876,3.8,4.0,3.8,2.4052,2.4,2.1877,,,,0.0185,-0.1,2026-02-12 12:56:18.187550
227,2019-05-01,2.59,2.6,2.35,2.391,5.5,4.072,2.395,2.2064,3.6,0.8351,255.296,1293.0,,100.0,3.37,0.1886,3.7,3.8,3.8,2.4237,2.4,2.1977,,,,-0.0327,-0.1,2026-02-12 12:56:18.187550
228,2019-06-01,2.59,2.6,2.35,2.3777,5.5,3.8025,2.074,1.814,3.6,0.8351,255.213,1243.0,,98.2,3.37,0.26,3.6,3.8,3.9,2.391,2.4052,2.2742,,,,-0.0133,0.0,2026-02-12 12:56:18.187550
229,2019-07-01,2.6,2.44,2.35,2.4029,5.5,3.765,2.0591,1.835,3.7,1.17,255.802,1240.0,,98.4,3.34,0.2241,3.6,3.7,4.0,2.3777,2.4237,2.4,,,,0.0252,0.1,2026-02-12 12:56:18.187550
230,2019-08-01,2.6,2.44,2.35,2.1258,5.25,3.616,1.6264,1.5714,3.6,1.17,256.036,1375.0,,89.8,3.34,0.055,3.7,3.6,3.8,2.4029,2.391,2.4,,,,-0.2771,-0.1,2026-02-12 12:56:18.187550
231,2019-09-01,2.6,2.44,2.35,2.043,5.15,3.605,1.6995,1.648,3.5,1.17,256.43,1311.0,,93.2,3.34,0.0515,3.6,3.6,3.8,2.1258,2.3777,2.4052,,,,-0.0828,-0.1,2026-02-12 12:56:18.187550
232,2019-10-01,2.61,2.34,2.32,1.8297,4.9886,3.688,1.7068,1.5514,3.6,0.6819,257.155,1325.0,,95.5,3.31,0.1555,3.5,3.7,3.7,2.043,2.4029,2.4237,,,,-0.2133,0.1,2026-02-12 12:56:18.187550
233,2019-11-01,2.61,2.34,2.32,1.5533,4.75,3.695,1.8121,1.6126,3.6,0.6819,257.879,1353.0,,96.8,3.31,0.1995,3.6,3.6,3.6,1.8297,2.1258,2.391,,,,-0.2763,0.0,2026-02-12 12:56:18.187550
234,2019-12-01,2.61,2.34,2.32,1.551,4.75,3.72,1.8629,1.6133,3.6,0.6819,258.63,1548.0,,99.3,3.31,0.2495,3.6,3.5,3.6,1.5533,2.043,2.3777,,,,-0.0024,0.0,2026-02-12 12:56:18.187550
235,2020-01-01,2.69,2.35,2.47,1.5506,4.75,3.624,1.7576,1.519,3.6,-1.3163,259.127,1581.0,,99.8,3.06,0.2386,3.6,3.6,3.7,1.551,1.8297,2.4029,,,,-0.0003,0.0,2026-02-12 12:56:18.187550
236,2020-02-01,2.69,2.35,2.47,1.5831,4.75,3.465,1.5042,1.3311,3.5,-1.3163,259.25,1549.0,,101.0,3.06,0.1732,3.6,3.6,3.6,1.5506,1.5533,2.1258,,,,0.0325,-0.1,2026-02-12 12:56:18.187550
237,2020-03-01,2.69,2.35,2.47,0.6523,3.75,3.45,0.87,0.4482,4.4,-1.3163,258.076,1266.0,,89.1,3.06,0.4218,3.5,3.6,3.5,1.5831,1.551,2.043,,,,-0.9308,0.9,2026-02-12 12:56:18.187550
238,2020-04-01,2.45,2.54,2.0,0.049,3.25,3.306,0.6576,0.2248,14.8,-7.8768,256.032,936.0,,71.8,2.89,0.4329,4.4,3.6,3.6,0.6523,1.5506,1.8297,,,,-0.6033,10.4,2026-02-12 12:56:18.187550
239,2020-05-01,2.45,2.54,2.0,0.05,3.25,3.2325,0.674,0.1705,13.2,-7.8768,255.802,1039.0,,72.3,2.89,0.5035,14.8,3.5,3.6,0.049,1.5831,1.5533,,,,0.001,-1.6,2026-02-12 12:56:18.187550
240,2020-06-01,2.45,2.54,2.0,0.0777,3.25,3.1625,0.7286,0.185,11.0,-7.8768,257.042,1266.0,,78.1,2.89,0.5436,13.2,4.4,3.6,0.05,0.6523,1.551,,,,0.0277,-2.2,2026-02-12 12:56:18.187550
241,2020-07-01,1.99,2.83,1.83,0.0926,3.25,3.016,0.6236,0.1482,10.2,7.7623,258.352,1526.0,,72.5,2.8,0.4755,11.0,14.8,3.6,0.0777,0.049,1.5506,,,,0.0149,-0.8,2026-02-12 12:56:18.187550
242,2020-08-01,1.99,2.83,1.83,0.0952,3.25,2.935,0.65,0.1395,8.4,7.7623,259.316,1396.0,,74.1,2.8,0.5105,10.2,13.2,3.5,0.0926,0.05,1.5831,,,,0.0026,-1.8,2026-02-12 12:56:18.187550
243,2020-09-01,1.99,2.83,1.83,0.09,3.25,2.89,0.6795,0.1348,7.8,7.7623,259.997,1473.0,,80.4,2.8,0.5448,8.4,11.0,4.4,0.0952,0.0777,0.6523,,,,-0.0052,-0.6,2026-02-12 12:56:18.187550
1702,2020-10-01,2.1,2.75,1.93,0.09,3.25,2.834,0.7871,0.1495,6.9,1.1335,260.319,,,81.8,,0.6376,,,,,,,,,,,,2026-02-12 15:40:46.497821
1703,2020-11-01,2.1,2.75,1.93,0.0863,3.25,2.765,0.87,0.1658,6.7,1.1335,260.911,,,76.9,,0.7042,,,,,,,,,,,,2026-02-12 15:40:46.497821
1704,2020-12-01,2.1,2.75,1.93,0.09,3.25,2.684,0.9336,0.1359,6.7,1.1335,262.045,,,80.7,,0.7977,,,,,,,,,,,,2026-02-12 15:40:46.497821
1705,2021-01-01,1.88,2.68,1.69,0.0852,3.25,2.735,1.0811,0.1311,6.4,1.3958,262.639,,,79.0,,0.95,,,,,,,,,,,,2026-02-12 15:40:46.497821
1706,2021-02-01,1.88,2.68,1.69,0.0757,3.25,2.81,1.2579,0.1153,6.2,1.3958,263.573,,,76.8,,1.1426,,,,,,,,,,,,2026-02-12 15:40:46.497821
1707,2021-03-01,1.88,2.68,1.69,0.0697,3.25,3.0825,1.6109,0.147,6.1,1.3958,264.847,,,84.9,,1.4639,,,,,,,,,,,,2026-02-12 15:40:46.497821
1708,2021-04-01,1.59,2.48,1.53,0.069,3.25,3.06,1.635,0.1632,6.1,1.7019,266.625,,,88.3,,1.4718,,,,,,,,,,,,2026-02-12 15:40:46.497821
1709,2021-05-01,1.59,2.48,1.53,0.0581,3.25,2.9625,1.621,0.155,5.8,1.7019,268.404,,,82.9,,1.466,,,,,,,,,,,,2026-02-12 15:40:46.497821
1710,2021-06-01,1.59,2.48,1.53,0.078,3.25,2.975,1.5191,0.2027,5.9,1.7019,270.71,,,85.5,,1.3164,,,,,,,,,,,,2026-02-12 15:40:46.497821
1711,2021-07-01,1.53,2.3,1.53,0.0981,3.25,2.868,1.3186,0.2195,5.4,0.8251,271.965,,,81.2,,1.099,,,,,,,,,,,,2026-02-12 15:40:46.497821
1712,2021-08-01,1.53,2.3,1.53,0.0923,3.25,2.8425,1.2832,0.2173,5.1,0.8251,272.752,,,70.3,,1.0659,,,,,,,,,,,,2026-02-12 15:40:46.497821
1713,2021-09-01,1.53,2.3,1.53,0.0793,3.25,2.9,1.3748,0.241,4.7,0.8251,273.942,,,72.8,,1.1338,,,,,,,,,,,,2026-02-12 15:40:46.497821
1714,2021-10-01,1.57,2.29,1.54,0.079,3.25,3.0675,1.5825,0.3925,4.5,1.7158,276.528,,,71.7,,1.19,,,,,,,,,,,,2026-02-12 15:40:46.497821
1715,2021-11-01,1.57,2.29,1.54,0.0797,3.25,3.0675,1.5595,0.508,4.1,1.7158,278.824,,,67.4,,1.0515,,,,,,,,,,,,2026-02-12 15:40:46.497821
1716,2021-12-01,1.57,2.29,1.54,0.0797,3.25,3.098,1.465,0.68,3.9,1.7158,280.806,,,70.6,,0.785,,,,,,,,,,,,2026-02-12 15:40:46.497821
1717,2022-01-01,1.69,2.09,1.65,0.0794,3.25,3.445,1.764,0.9805,4.0,-0.2548,282.542,,,67.2,,0.7835,,,,,,,,,,,,2026-02-12 15:40:46.497821
1718,2022-02-01,1.69,2.09,1.65,0.08,3.25,3.7625,1.9342,1.4353,3.9,-0.2548,284.525,,,62.8,,0.4989,,,,,,,,,,,,2026-02-12 15:40:46.497821
1719,2022-03-01,1.69,2.09,1.65,0.201,3.3696,4.172,2.1278,1.9096,3.7,-0.2548,287.467,,,59.4,,0.2183,,,,,,,,,,,,2026-02-12 15:40:46.497821
1720,2022-04-01,1.83,1.96,1.8,0.33,3.5,4.9825,2.7475,2.538,3.7,0.1565,288.582,,,65.2,,0.2095,,,,,,,,,,,,2026-02-12 15:40:46.497821
1721,2022-05-01,1.83,1.96,1.8,0.7655,3.9286,5.23,2.8981,2.6167,3.6,0.1565,291.299,,,58.4,,0.2814,,,,,,,,,,,,2026-02-12 15:40:46.497821
1722,2022-06-01,1.83,1.96,1.8,1.205,4.3571,5.522,3.1433,2.9981,3.6,0.1565,295.072,,,50.0,,0.1452,,,,,,,,,,,,2026-02-12 15:40:46.497821
1723,2022-07-01,2.05,1.84,1.93,1.6758,4.825,5.4125,2.896,3.036,3.5,0.7219,294.94,,,51.5,,-0.14,,,,,,,,,,,,2026-02-12 15:40:46.497821
1724,2022-08-01,2.05,1.84,1.93,2.33,5.5,5.2225,2.8978,3.25,3.6,0.7219,295.162,,,58.2,,-0.3522,,,,,,,,,,,,2026-02-12 15:40:46.497821
1725,2022-09-01,2.05,1.84,1.93,2.555,5.7386,6.112,3.519,3.8567,3.5,0.7219,296.421,,,58.6,,-0.3376,,,,,,,,,,,,2026-02-12 15:40:46.497821
1726,2022-10-01,2.26,1.79,2.07,3.08,6.25,6.9,3.9835,4.375,3.6,0.6902,297.979,,,59.9,,-0.3915,,,,,,,,,,,,2026-02-12 15:40:46.497821
1727,2022-11-01,2.26,1.79,2.07,3.78,6.925,6.805,3.891,4.5035,3.6,0.6902,298.708,,,56.7,,-0.6125,,,,,,,,,,,,2026-02-12 15:40:46.497821
1728,2022-12-01,2.26,1.79,2.07,4.1042,7.2619,6.364,3.6162,4.2886,3.5,0.6902,298.808,,,59.8,,-0.6724,,,,,,,,,,,,2026-02-12 15:40:46.497821
1729,2023-01-01,2.47,1.74,2.22,4.33,7.5,6.2725,3.5315,4.2075,3.5,0.7239,300.456,,,64.9,,-0.676,,,,,,,,,,,,2026-02-12 15:40:46.497821
1730,2023-02-01,2.47,1.74,2.22,4.57,7.7368,6.2575,3.7468,4.5337,3.6,0.7239,301.476,,,66.9,,-0.7868,,,,,,,,,,,,2026-02-12 15:40:46.497821
1731,2023-03-01,2.47,1.74,2.22,4.649,7.8261,6.544,3.663,4.3026,3.5,0.7239,301.643,,,62.0,,-0.6396,,,,,,,,,,,,2026-02-12 15:40:46.497821
1732,2023-04-01,2.75,1.72,2.36,4.83,8.0,6.3425,3.46,4.016,3.4,0.6279,302.858,,,63.7,,-0.556,,,,,,,,,,,,2026-02-12 15:40:46.497821
1733,2023-05-01,2.75,1.72,2.36,5.0558,8.2159,6.425,3.5736,4.1318,3.6,0.6279,303.316,,,59.0,,-0.5582,,,,,,,,,,,,2026-02-12 15:40:46.497821
1734,2023-06-01,2.75,1.72,2.36,5.0763,8.25,6.714,3.7481,4.6395,3.6,0.6279,304.099,,,64.2,,-0.8914,,,,,,,,,,,,2026-02-12 15:40:46.497821
1735,2023-07-01,2.94,1.72,2.53,5.12,8.2875,6.84,3.8995,4.8285,3.5,1.1536,304.615,,,71.5,,-0.929,,,,,,,,,,,,2026-02-12 15:40:46.497821
1736,2023-08-01,2.94,1.72,2.53,5.33,8.5,7.072,4.1678,4.9017,3.7,1.1536,306.138,,,69.4,,-0.7339,,,,,,,,,,,,2026-02-12 15:40:46.497821
1737,2023-09-01,2.94,1.72,2.53,5.33,8.5,7.2,4.379,5.022,3.7,1.1536,307.374,,,67.8,,-0.643,,,,,,,,,,,,2026-02-12 15:40:46.497821
1738,2023-10-01,3.1,1.7,2.61,5.33,8.5,7.62,4.7981,5.0676,3.9,0.8441,307.653,,,63.8,,-0.2695,,,,,,,,,,,,2026-02-12 15:40:46.497821
1739,2023-11-01,3.1,1.7,2.61,5.33,8.5,7.442,4.5029,4.8824,3.7,0.8441,308.087,,,61.3,,-0.3795,,,,,,,,,,,,2026-02-12 15:40:46.497821
1740,2023-12-01,3.1,1.7,2.61,5.33,8.5,6.815,4.02,4.457,3.8,0.8441,308.735,,,69.7,,-0.437,,,,,,,,,,,,2026-02-12 15:40:46.497821
1741,2024-01-01,3.17,1.71,2.67,5.33,8.5,6.6425,4.0581,4.3229,3.7,0.2099,309.794,,,79.0,,-0.2648,,,,,,,,,,,,2026-02-12 15:40:46.497821
1742,2024-02-01,3.17,1.71,2.67,5.33,8.5,6.776,4.2075,4.544,3.9,0.2099,311.022,,,76.9,,-0.3365,,,,,,,,,,,,2026-02-12 15:40:46.497821
1743,2024-03-01,3.17,1.71,2.67,5.33,8.5,6.82,4.2085,4.588,3.9,0.2099,312.107,,,79.4,,-0.3795,,,,,,,,,,,,2026-02-12 15:40:46.497821
1744,2024-04-01,3.22,1.73,2.72,5.33,8.5,6.9925,4.5391,4.8732,3.9,0.8855,313.016,,,77.2,,-0.3341,,,,,,,,,,,,2026-02-12 15:40:46.497821
1745,2024-05-01,3.22,1.73,2.72,5.33,8.5,7.06,4.4823,4.8564,3.9,0.8855,313.14,,,69.1,,-0.3741,,,,,,,,,,,,2026-02-12 15:40:46.497821
1746,2024-06-01,3.22,1.73,2.72,5.33,8.5,6.9175,4.3053,4.7368,4.1,0.8855,313.131,,,68.2,,-0.4316,,,,,,,,,,,,2026-02-12 15:40:46.497821
1747,2024-07-01,3.19,1.74,2.73,5.33,8.5,6.8475,4.2486,4.4959,4.2,0.8248,313.566,,,66.4,,-0.2473,,,,,,,,,,,,2026-02-12 15:40:46.497821
1748,2024-08-01,3.19,1.74,2.73,5.33,8.5,6.5,3.8709,3.9655,4.2,0.8248,314.131,,,67.9,,-0.0945,,,,,,,,,,,,2026-02-12 15:40:46.497821
1749,2024-09-01,3.19,1.74,2.73,5.13,8.3,6.18,3.7235,3.6225,4.1,0.8248,314.851,,,70.1,,0.101,,,,,,,,,,,,2026-02-12 15:40:46.497821
1750,2024-10-01,3.09,1.77,2.76,4.83,8.0,6.428,4.0955,3.9723,4.1,0.4599,315.564,,,70.5,,0.1232,,,,,,,,,,,,2026-02-12 15:40:46.497821
1751,2024-11-01,3.09,1.77,2.76,4.6383,7.8125,6.805,4.3558,4.2574,4.2,0.4599,316.449,,,71.8,,0.0984,,,,,,,,,,,,2026-02-12 15:40:46.497821
1752,2024-12-01,3.09,1.77,2.76,4.4752,7.6477,6.715,4.3914,4.2257,4.1,0.4599,317.603,,,74.0,,0.1657,,,,,,,,,,,,2026-02-12 15:40:46.497821
1753,2025-01-01,3.06,1.78,2.77,4.33,7.5,6.958,4.629,4.2719,4.0,-0.1625,319.086,,,71.7,,0.3571,,,,,,,,,,,,2026-02-12 15:40:46.497821
1754,2025-02-01,3.06,1.78,2.77,4.33,7.5,6.8425,4.4511,4.21,4.2,-0.1625,319.775,,,64.7,,0.2411,,,,,,,,,,,,2026-02-12 15:40:46.497821
1755,2025-03-01,3.06,1.78,2.77,4.33,7.5,6.65,4.2805,3.97,4.2,-0.1625,319.615,,,57.0,,0.3105,,,,,,,,,,,,2026-02-12 15:40:46.497821
1756,2025-04-01,3.04,1.78,2.75,4.33,7.5,6.725,4.279,3.7776,4.2,0.946,320.321,,,52.2,,0.5014,,,,,,,,,,,,2026-02-12 15:40:46.497821
1757,2025-05-01,3.04,1.78,2.75,4.33,7.5,6.816,4.4238,3.92,4.3,0.946,320.58,,,52.2,,0.5038,,,,,,,,,,,,2026-02-12 15:40:46.497821
1758,2025-06-01,3.04,1.78,2.75,4.33,7.5,6.8175,4.3835,3.889,4.1,0.946,321.5,,,60.7,,0.4945,,,,,,,,,,,,2026-02-12 15:40:46.497821
1759,2025-07-01,2.98,1.78,2.72,4.33,7.5,6.72,4.3918,3.8823,4.3,1.0763,322.132,,,61.7,,0.5095,,,,,,,,,,,,2026-02-12 15:40:46.497821
1760,2025-08-01,,,,4.33,7.5,6.5875,4.2648,3.7038,4.3,,323.364,,,58.2,,0.561,,,,,,,,,,,,2026-02-12 15:40:46.497821
1761,2025-09-01,,,,4.2247,7.381,6.3525,4.1205,3.5686,4.4,,324.368,,,55.1,,0.5519,,,,,,,,,,,,2026-02-12 15:40:46.497821
1762,2025-10-01,,,,4.0881,7.2283,6.254,4.0618,3.5214,,,,,,53.6,,0.5405,,,,,,,,,,,,2026-02-12 15:40:46.497821
1763,2025-11-01,,,,3.8763,7.0,6.2375,4.0939,3.55,4.5,,325.031,,,51.0,,0.5439,,,,,,,,,,,,2026-02-12 15:40:46.497821
1764,2025-12-01,,,,3.7206,6.837,6.19,4.1432,3.5009,4.4,,326.03,,,52.9,,0.6423,,,,,,,,,,,,2026-02-12 15:40:46.497821
